email,subject,message
a@bc.com,look at you,great job ben.

plk@bc.com,look at you,great job ben. Yay!!

plk@bc.com,look at you,great job ben. Yay!!

plk@bc.com,look at you,great job ben. Yay!!

plk@bc.com,look at you,great job ben. Yay!!

plk@bc.com,look at you,great job ben. Yay!!
plk@bc.com,look at you,great job ben. Yay!!
plk@bc.com,look at you,great job ben. Yay!!
plk@bc.com,look at you,great job ben. Yay!!
plk@bc.com,look at you,great job ben. Yay!!
plk@bc.com,look at you,great job ben. Yay!!
plk@bc.com,look at you,great job ben. Yay!!
plk@bc.com,look at you,great job ben. Yay!!
